Abilene Christian University,Private,TX,"plans to reopen classes in the fall",Planning for in-person,https://www.acu.edu/coronavirus/april-29-2020-news-release-about-plans-to-reopen-campus-in-fall-2020.html
Adrian College,Private,MI,"planning to reopen campus for fall",Planning for in-person,http://adrian.edu/news/ac-president-docking-says-campus-will-be-open-in-fall
Agnes Scott College,Private,GA,"plans to resume on-campus instruction ",Planning for in-person,https://www.agnesscott.edu/coronavirus/updates/covid19-task-force-05-01.html
Albion College,Private,MI,"planning for in-person",Planning for in-person,https://www.albion.edu/student-life/health-services/covid-19
Alma College,Private,MI,"monitoring coronavirus developments",Considering a range of scenarios,https://www.alma.edu/coronavirus-updates/
American University,Private,DC,"expects a decision sometime in June",Waiting to decide,https://www.american.edu/president/announcements/may-11-2020.cfm
Amherst College,Private,MA,"hopes to decide by June",Waiting to decide,https://www.amherststudent.com/article/president-martin-raises-possibilities-for-fall-semester-fields-student-questions-in-virtual-town-hall
Allan Hancock College,Public,CA,"plans to offer most fall classes remotely",Planning for online,https://www.hancockcollege.edu/news/newsreleases/05-11-2020%20Fall%20Classes.php
Albany College of Pharmacy and Health Sciences,Private,NY,"The plan is to begin the fall semester on time, ideally with students on campus.",Planning for in-person,https://www.acphs.edu/sites/default/files/Coronavirus%20Update%20%23%2010%20-%204-17-20.pdf
Angelo State University,Public,TX,"intends to have students, faculty, and staff back on campus for the fall semester",Planning for in-person,https://www.angelo.edu/emergency-notifications/coronavirus-updates.php
Anne Arundel Community College,Public,MD,"will offer most fall classes online",Planning for online,https://www.thecampuscurrent.com/8993/front-page/showcase/classes-at-start-of-fall-semester-to-be-online/
Appalachian State University,Public,NC,"planning on offering in-person fall classes",Planning for in-person,https://chancellor.appstate.edu/newsletter/id/194
Arizona State University,Public,AZ,"planning to resume in-person classes",Planning for in-person,https://eoss.asu.edu/health/announcements/coronavirus
Arkansas State University,Public,AR,"Expects to be on campus in the fall",Planning for in-person,http://www.astate.edu/news/chancellor-damphousse-announces-plans-for-fall-semester
Assumption College,Private,MA,"planning a range of options",Considering a range of scenarios,https://vimeo.com/417654418
Augustana College,Private,IL,"planning for in-person fall classes",Planning for in-person,https://www.augustana.edu/about-us/news/information-statement-regarding-coronavirus
Austin Peay State University,Public,TN,"planning for in-person fall classes",Planning for in-person,https://www.wsmv.com/news/austin-peay-state-university-plans-to-resume-in-person-classes-in-fall/article_f307ee3c-8e19-11ea-80f4-6723d3638edc.html
Averett University,Private,VA,"making plans to reopen in the fall",Planning for in-person,https://www.averett.edu/student-life/campus-security/livesafe/
Azusa Pacific University,Private,CA,"planning for in-person",Planning for in-person,http://azu/
Babson College,Private,MA,"preparing for a range of scenarios",Considering a range of scenarios,https://entrepreneurship.babson.edu/babson-college-open-fall/
Ball State University,Public,IN,"planning for in-person",Planning for in-person,https://www.youtube.com/watch?v=ieuOdm6M5t4
Bard College,Private,NY,"planning for in-person",Planning for in-person,http://chestertownapts.com/
Barnard College,Private,NY,"preparing for a range of scenarios",Considering a range of scenarios,https://alert.barnard.edu/news/financial-decision-making-and-summer
Baylor University,Private,TX,"We intend to safely resume in-person teaching, learning and residential life for the fall 2020 semester.",Planning for in-person,https://www.baylor.edu/president/news.php?action=story&story=218786
Beacon College,Private,FL,"plans to hold fall semester on-campus",Planning for in-person,https://www.beaconcollege.edu/beacon-news/2020/04/coronavirus-update-april-17-2020/
Belhaven University,Private,MS,"planning to for in-person classes in the fall",Planning for in-person,https://www.belhaven.edu/coronavirus/Letter-to-students-May.pdf
Beloit College,Private,WI,"shifting to a "module based semester" to allow flexibility to move toward either online or in-person classes",Proposing a hybrid model,https://www.beloit.edu/live/blurbs/630-reasons-for-module-based-semester-letter-sent-to
Bethel University,Private,MN,"planning for in-person",Planning for in-person,https://www.bethel.edu/covid-19/images/5-11-20-covid-19-update.pdf
Binghamton University,Public,NY,"planning for in-person",Planning for in-person,https://www.binghamton.edu/president/statements.html
Biola University,Private,CA,"planning for an in-person fall semester",Planning for in-person,https://www.biola.edu/coronavirus#april_30_2020_message_from_president_corey
Bismark State College,Public,ND,"planning for in-person",Planning for in-person,https://bismarckstate.edu/news/Coronavirus-Updates/
Black Hills State University,Public,SD,"planning to have in-person classes in the fall",Planning for in-person,https://www.bhsu.edu/About-BHSU/News-Events/bhsu-is-making-plans-for-fall-classes-on-campus
Bloomsburg University,Public,PA,"expects to return to campus in fall semester",Planning for in-person,https://bloomu.edu/coronavirus
Bloomfield College,Private,NJ,"considering a range of scenarios",Considering a range of scenarios,https://bloomfield.edu/campus-life/campus-security/campus-alerts/coronavirus-updates/messages-president-marcheta-p-evans
Boston College,Private,MA,"plans to decide by the end of June",Waiting to decide,https://www.bc.edu/content/bc-web/sites/updates/coronavirus.html
Boston University,Private,MA," leaning toward in-person classes",Planning for in-person,http://www.bu.edu/articles/2020/covid-19-recovery-plan/
Bowdoin College,Private,ME,"If we can find a way  to be back on campus in the fall — a way that is safe for the campus and Brunswick community — we will be back.",Waiting to decide,https://www.bowdoin.edu/covid-19/messages/04-30-2020.html
Bowling Green State University,Public,OH,"planning for in-person",Planning for in-person,https://www.13abc.com/content/news/UT-BGSU-announce-plans-to-reopen-for-in-person-classes-in-fall-570374001.html
Bradley University,Private,IL,"intends to reopen campus in the fall",Planning for in-person,https://www.centralillinoisproud.com/news/local-news/bradley-university-resuming-on-campus-classes-in-the-fall/
Brown University,Private,RI,"The university is leaning toward in-person classes. Brown’s president, Christina Paxson, wrote an op-ed in The New York Times that called the reopening of college campuses a "national priority" and that proposed strict virus testing and tracing protocols to ensure safety.",Planning for in-person,https://www.wsj.com/articles/the-big-question-for-colleges-will-there-be-a-fall-semester-on-campus-11587474000
Bryant University,Private,RI,"intends to hold fall semester on campus",Planning for in-person,https://www.providencejournal.com/news/20200430/bryant-university-planning-to-open-campus-for-fall-semester
Bucknell University,Private,PA,"considering a range of scenarios",Considering a range of scenarios,https://www.bucknell.edu/life-bucknell/health-wellness-safety/coronavirus-covid-19-updates
Catholic University of America,Private,DC,"planning to reopen in the fall",Planning for in-person,https://communications.catholic.edu/coronavirus/index.html
California Baptist University,Private,CA,"planning to resume on-ground classes for the fall semester",Planning for in-person,https://calbaptist.edu/news/cbu_update_coronavirus_1
California Institute of the Arts,Private,CA,"proposing a hybrid model for fall semester",Proposing a hybrid model,https://calarts.edu/about/news-and-events/newsroom/institute-news/calarts-approach-to-academic-year-2020-21
CALSTATE — Bakersfield,Public,CA, ,Planning for online, "most classes will be online with limited exceptions",https://www.chronicle.com/article/California-State-U-System/248759?cid=wcontentlist_hp_latest
CALSTATE — Channel Islands,Public,CA, ,Planning for online, "most classes will be online with limited exceptions",https://www.chronicle.com/article/California-State-U-System/248759?cid=wcontentlist_hp_latest
CALSTATE — Chico,Public,CA, ,Planning for online, "most classes will be online with limited exceptions",https://www.chronicle.com/article/California-State-U-System/248759?cid=wcontentlist_hp_latest
CALSTATE — Dominguez Hills,Public,CA, ,Planning for online, "most classes will be online with limited exceptions",https://www.chronicle.com/article/California-State-U-System/248759?cid=wcontentlist_hp_latest
CALSTATE — East Bay,Public,CA, ,Planning for online, "most classes will be online with limited exceptions",https://www.chronicle.com/article/California-State-U-System/248759?cid=wcontentlist_hp_latest
CALSTATE — Fresno,Public,CA, ,Planning for online, "most classes will be online with limited exceptions",https://www.chronicle.com/article/California-State-U-System/248759?cid=wcontentlist_hp_latest
CALSTATE — Fullerton,Public,CA, ,Planning for online, "most classes will be online with limited exceptions",https://www.chronicle.com/article/California-State-U-System/248759?cid=wcontentlist_hp_latest
CALSTATE — Humboldt,Public,CA, ,Planning for online, "most classes will be online with limited exceptions",https://www.chronicle.com/article/California-State-U-System/248759?cid=wcontentlist_hp_latest
CALSTATE — Long Beach,Public,CA, ,Planning for online, "most classes will be online with limited exceptions",https://www.chronicle.com/article/California-State-U-System/248759?cid=wcontentlist_hp_latest
CALSTATE — Los Angeles,Public,CA, ,Planning for online, "most classes will be online with limited exceptions",https://www.chronicle.com/article/California-State-U-System/248759?cid=wcontentlist_hp_latest
CALSTATE — Maritime Academy,Public,CA, ,Planning for online, "most classes will be online with limited exceptions",https://www.chronicle.com/article/California-State-U-System/248759?cid=wcontentlist_hp_latest
CALSTATE — Monterey Bay,Public,CA, ,Planning for online, "most classes will be online with limited exceptions",https://www.chronicle.com/article/California-State-U-System/248759?cid=wcontentlist_hp_latest
CALSTATE — Northridge,Public,CA, ,Planning for online, "most classes will be online with limited exceptions",https://www.chronicle.com/article/California-State-U-System/248759?cid=wcontentlist_hp_latest
CALSTATE — Polytechnic at San Luis Obispo,Public,CA, ,Planning for online, "most classes will be online with limited exceptions",https://www.chronicle.com/article/California-State-U-System/248759?cid=wcontentlist_hp_latest
CALSTATE — Pomona,Public,CA, ,Planning for online, "most classes will be online with limited exceptions",https://www.chronicle.com/article/California-State-U-System/248759?cid=wcontentlist_hp_latest
CALSTATE — Sacramento,Public,CA, ,Planning for online, "most classes will be online with limited exceptions",https://www.chronicle.com/article/California-State-U-System/248759?cid=wcontentlist_hp_latest
CALSTATE — San Bernardino,Public,CA, ,Planning for online, "most classes will be online with limited exceptions",https://www.chronicle.com/article/California-State-U-System/248759?cid=wcontentlist_hp_latest
CALSTATE — San Diego,Public,CA, ,Planning for online, "most classes will be online with limited exceptions",https://www.chronicle.com/article/California-State-U-System/248759?cid=wcontentlist_hp_latest
CALSTATE — San Francisco,Public,CA, ,Planning for online, "most classes will be online with limited exceptions",https://www.chronicle.com/article/California-State-U-System/248759?cid=wcontentlist_hp_latest
CALSTATE — San José,Public,CA, ,Planning for online, "most classes will be online with limited exceptions",https://www.chronicle.com/article/California-State-U-System/248759?cid=wcontentlist_hp_latest
CALSTATE — San Marcos,Public,CA, ,Planning for online, "most classes will be online with limited exceptions",https://www.chronicle.com/article/California-State-U-System/248759?cid=wcontentlist_hp_latest
CALSTATE — Sonoma,Public,CA, ,Planning for online, "most classes will be online with limited exceptions",https://www.chronicle.com/article/California-State-U-System/248759?cid=wcontentlist_hp_latest
CALSTATE — Stanislaus,Public,CA, ,Planning for online, "most classes will be online with limited exceptions",https://www.chronicle.com/article/California-State-U-System/248759?cid=wcontentlist_hp_latest
Cameron University,Public,OK,"planning for in-person, online and hybrid classes in the fall",Considering a range of scenarios,https://www.cameron.edu/covid-19/summer-and-fall-2020-classes
Cape Cod Community College,Public,MA,"moving to a hybrid format",Proposing a hybrid model,https://www.capecod.edu/coronavirus/index.html
Carnegie Mellon University,Private,PA,"planning a range of scenarios",Considering a range of scenarios,https://www.post-gazette.com/news/education/2020/04/28/Carnegie-Mellon-University-fall-delayed-start-COVID-19-cmu-salary-furloughs/stories/202004280074
Caroll College,Private,MT,"href="https://mailchi.mp/472fbc502745/for-all-the-saints-564513?e=ffc6bd0d3b">committed to re-opening for in-person instruction this fall",Planning for in-person
Cedarville University,Private,OH,"planning a range of scenarios",Planning for in-person,https://blogs.cedarville.edu/coronavirus-updates/2020/05/may-11-update-planning-for-fall-reopening-the-economy-town-hall-and-summer-programming/
Central Christian College of the Bible,Private,MO,"plans to open campus in the fall but use online instruction if necessary",Planning for in-person,https://cccb.edu/news/covid-19/
Central Michigan University,Public,MI,"planning to return to campus in the fall",Planning for in-person,https://www.cmich.edu/news/article/pages/CMU_plans_return_for_fall.aspx
Centre College,Private,KY,"block-scheduling courses in shorter segments to allow flexibility to shift toward either in-person or remote learning",Proposing a hybrid model,https://www.centre.edu/centre-college-adopts-flexible-block-schedule-for-fall-2020/
Chaffey College,Public,CA,"a majority of fall classes will be held online",Planning for online,https://www.chaffey.edu/coronavirus/docs/covid19-may-8.pdf
Chaminade University,Private,HI,"plans to start fall semester in-person  ",Planning for in-person,https://chaminade.edu/coronavirus/
Chapman University,Private,CA,"optimistically planning for a safe return in the fall with social distancing and safety constraints in place",Planning for in-person,https://news.chapman.edu/2020/04/24/a-message-from-the-office-of-the-president/"
Chowan University,Private,NC,"planning to be open in the fall",Planning for in-person,https://chowan.edu/news/chowan-university-preparing-be-open-fall-2020
Christopher Newport University,Public,VA,"We are planning for our classes to resume on campus in the fall" depending on the state of coronavirus and guidance from state and federal authorities.",Planning for in-person,http://cnu.edu/news/2020/04/22-cnu_tuitionfreeze/
Claremont Colleges,Private,CA,"committed" to in-person fall classes, but no final decision expected till July 1",Planning for in-person,https://tsl.news/claremont-colleges-committed-to-students-returning-in-fall-but-prep-for-other-scenarios/
Clemson University,Public,SC,"exploring a range of scenarios, from in-person classes to entirely online",Considering a range of scenarios,https://www.greenvilleonline.com/story/news/2020/04/23/coronavirus-sc-impact-clemson-has-laser-focus-full-reopening-fall-semester/3006062001/
Cleveland State University,Public,OH,"considering a range of scenarios",Considering a range of scenarios,https://www.cleveland.com/opinion/2020/05/preparing-for-a-post-coronavirus-cleveland-state-university-harlan-sands.html
Coastal Carolina University,Public,SC,"plans to resume in-person instruction in the fall",Planning for in-person,https://www.coastal.edu/coastal-now/news/advisory/
Colgate University,Private,NY,"will decide by June 30",Considering a range of scenarios,https://www.colgate.edu/about/offices-centers-institutes/dean-college/student-health-services/covid-19-information-and-5-19
College of the Atlantic,Private,ME,"planning for in-person",Planning for in-person,https://bangordailynews.com/2020/05/07/news/hancock/college-of-the-atlantic-latest-to-plan-fall-reopening/
College of the Desert,Public,CA,"moved fall semester classes online",Planning for online,http://www.collegeofthedesert.edu/newsroom/Pages/Summer-and-fall-2020-classes-move-online.aspx
College of Idaho,Private,ID,"planning to open campus for fall semester",Planning for in-person,https://www.collegeofidaho.edu/sites/default/files/inline-files/Fall%20Intent%20Letter%20FINAL%205.1.20.pdf
College of New Jersey,Public,NJ,"expects a decision in early June",Waiting to decide,https://emergency.tcnj.edu/2020/04/24/updates-on-spring-2020-tuition-fall-2020-operations-and-federal-emergency-grants-for-students/
College of William & Mary,Public,VA,"“We have every intention of holding in-person classes in the fall as long as it is safe to do so.”",Planning for in-person,https://www.wm.edu/about/administration/emergency/current_issues/coronavirus/students/faqs/index.php#fall
Colorado Christian University,Private,CO,"planning a range of scenarios",Considering a range of scenarios,https://www.ccu.edu/coronavirus/#mostrecent
Colorado College,Private,CO,"intends to reopen campus in the fall",Planning for in-person,https://us8.campaign-archive.com/?u=a2ffa14c4a3c79ddcc1b20faa&id=f04705d2c2
Colorado Mesa University,Public,CO,"planning for in-person",Planning for in-person,https://covid19.rpi.edu/announcements/hands-experiences
Colorado State University,Public,CO,"plans to start fall semester in-person in “best case scenario” ",Planning for in-person,https://president.colostate.edu/covid-19-update-from-president-mcconnell/
Columbia College,Private,IL,"intends to reopen campus, but planning for a range of scenarios",Considering a range of scenarios,https://www.colum.edu/coronavirus-info/index
Columbia University,Private,NY,"waiting to decide, with updates coming in the next two months",Waiting to decide,https://president.columbia.edu/news/update-next-academic-year-and-helping-our-neighbors
Columbus State University,Public,GA,"planning face-to-face instruction in the fall",Planning for in-person,https://news.columbusstate.edu/columbus-state-university-plans-for-face-to-face-classes-in-fall-semester
Concord University,Public,WV,"plans to reopen campus in the fall",Planning for in-person,https://www.youtube.com/watch?v=ELSG-uY30t0
Concordia University Chicago,Private,IL,"plans to return to campus, with hybrid option available",Planning for in-person,https://www.cuchicago.edu/news/2020/05/president-dawn-announces-fall-operations-update/
Concordia University Irvine,Private,CA,"intends to have an in-person fall semester",Planning for in-person,https://www.cui.edu/en-us/studentlife/wellness-center/communication-to-cui-community-on-coronavirus-disease-2019-covid19
Concordia University Nebraska,Private,NE,"expects final recommendations by July 15",Waiting to decide,https://www.cune.edu/today/latest-campus-upates/may-1-campus-update
Concordia University St. Paul,Private,MN,"will reopen campus for fall semester",Planning for in-person,https://www.csp.edu/news/concordia-st-paul-welcomes-students-back-to-campus-fall-2020/?fbclid=IwAR3FPR6FD5vbZtCz1bUOd_8vVvPbh3Cevenf6hmKcWeEEiOUp2RTIOH5xYg
Concordia University Texas,Private,TX,"plans to resume “normal operations” in the fall ",Planning for in-person,https://www.concordia.edu/blog/announcements-for-fall-2020.html
Cornell College,Private,IA,"expanded its existing block calendar to 10 3.5-week sessions to allow maximum flexibility to either return to campus or continue distance learning in the fall",Planning for in-person,https://www.cornellcollege.edu/block/
Cornell University,Private,NY,"no decision expected until June",Waiting to decide,https://cornellsun.com/2020/04/22/pollack-no-update-on-plans-for-fall-semester-expected-until-june-cornell-anticipates-hundreds-of-millions-in-losses/
Corish College of the Arts,Private,WA,"expects a decision by the end of June",Waiting to decide,https://www.cornish.edu/novel-coronavirus-covid-19-information-resources/
Cottey College,Private,MO,"planning for in-person",Planning for in-person,https://cottey.edu/2020/05/cottey-college-plans-for-in-person-classes-in-the-fall/
Covenant College,Private,GA,"will resume on-campus instruction in the fall if governmental authorities allow it",Planning for in-person,https://www.covenant.edu/covid19/05.02.2020
Daemen College,Private,NY,"planning for in-person classes in the fall",Planning for in-person,https://www.daemen.edu/sites/default/files/documents/Letter-to-Students-04242020.pdf
Dallas County Community College District,Public,TX,"planning for classes to be “predominantly online”",Planning for online,https://www.dcccd.edu/au/news-media/coronavirus/faq/pages/default.aspx
Dartmouth College,Private,NH,"“The probability of a full residential, business-as-usual fall term is not very high,” the provost says.",Considering a range of scenarios,https://www.thedartmouth.com/article/2020/04/college-students-prepare-for-remote-summer-term-fall-plans-remain-uncertain
Davidson College,Private,NC,"considering a range of scenarios",Considering a range of scenarios,https://www.davidson.edu/alert/covid-19
DePaul University,Private,IL,"expects to make an announcement as early as June 15",Waiting to decide,https://resources.depaul.edu/newsline/sections/campus-and-community/Pages/COVID-19-update-May-6.aspx
DePauw University,Private,IN,"planning for in-person, but relaxing residential requirements",Planning for in-person,https://www.depauw.edu/preparedness/depauws-fall-planning-and-new-leadership-course-may-8/
Dominican University ,Private,IL,"fully expects to be open for face-to-face classes in the fall",Planning for in-person,https://www.dom.edu/covid-19-alert/home/current-students
Dominican University of California,Private,CA,"planning to have fall semester on-campus with primarily in-person classes",Planning for in-person,https://www.dominican.edu/covid19
Dordt University,Private,IA,"planning for in-person ‘",Planning for in-person,https://www.dordt.edu/news/52732
Drake University,Private,IA,"planning on-campus classes",Planning for in-person,https://www.drake.edu/coronavirus/faq/admission/
Drew University,Private,NJ,"considering a range of scenarios",Considering a range of scenarios,http://www.drew.edu/1/emergency-information/coronavirus-disease-2019-covid-19/#faq-fall
Drexel University,Private,PA,"hopes to receive task-force recommendations on fall semester by early June",Waiting to decide,https://drexel.edu/now/archive/2020/April/Task-Force-Fall-Term/
Drury University,Private,MO,"planning to reopen in the fall",Planning for in-person,https://www.drury.edu/mc/contact-marketing-and-communications
Duke University,Private,NC,"“We hope  to have some clarity by the middle of June.",Considering a range of scenarios,https://today.duke.edu/2020/04/coordinated-pandemic-response-duke-and-durham
Duquesne University,Private,PA,"intends to return to campus in fall",Planning for in-person,https://covid19.duq.edu/news-and-updates/update-on-duquesne-university-planning-for-fall-semester-2020
Earlham College,Private,IN,"expects a decision on fall plans by June 15",Waiting to decide,https://earlham.edu/coronavirus/
East Carolina Universty,Public,NC,"We intend to be back on ECU’s campus in the fall, although we will do so while taking the necessary precautions.",Planning for in-person,https://news.ecu.edu/2020/04/27/looking-forward-fall-2020/
East Tennessee State University,Public,TN,"hopes to make a decision by early June",Waiting to decide,https://www.columbiadailyherald.com/news/20200426/what-will-college-in-tennessee-look-like-in-fall
Eastern Florida State College,Public,FL,"“Many Fall Term 2020 courses will move to online delivery.”",Proposing a hybrid model,https://www.easternflorida.edu/academics/class-schedule-search.cfm
Eastern Michigan University,Public,MI,"planning for in-person",Planning for in-person,https://www.emich.edu/president/communications/campus-messages/2020-05-07.php
Eastern Washington University,Public,WA,"planning for mostly online classes",Planning for online,https://www.ewu.edu/stories/online-first-maximum-flexibility-instruction-model-for-fall-2020/
Elon University,Private,NC,"“Elon is planning to conduct fall semester classes on campus,” but that could change “depending on the ongoing threat.”",Planning for in-person,https://www.elon.edu/u/coronavirus/
Elmhurst College,Private,IL,"planning to return to in-person classes in August",Planning for in-person,https://www.elmhurst.edu/fall-term-2020-planning/
Emerson College,Private,MA,"conducting a student poll to help in decision process",Waiting to decide,https://berkeleybeacon.com/emerson-polling-survey-on-covid-19-to-help-decide-fate-of-fall-semester/
Emory & Henry College,Private,VA,"planning for fall classes “to take place on campus with the proper measures taken to ensure the safety of students, faculty, guests and visitors”",Planning for in-person,https://www.ehc.edu/covid19/campus-updates/
Emory University,Private,GA,"likely to decide by early May, according to the student newspaper",Waiting to decide,https://emorywheel.com/provost-remains-hopeful-for-in-person-classes-come-fall/
Emporia State University,Public,KS,"offering some face-to-face classes for its second summer session ",Planning for in-person,https://www.emporia.edu/covid-19-information/campus-communications/april-30-2020-moving-forward-town-hall-meeting/
Fairfield University,Private,CT,"intends to resume on-campus instruction in the fall",Planning for in-person,https://www.fairfield.edu/undergraduate/student-life-and-services/health-and-wellness/health-center/emergencies/coronavirus/
Fairmont State University,Public,WV,"planning for face-to-face classes in the fall",Planning for in-person,https://www.fairmontstate.edu/news/academics-front-page/fairmont-state-releases-updated-academic-calendar-begins-classes-aug-10
Ferris State University,Public,MI,"planning for in-person",Planning for in-person,https://www.ferris.edu/HTMLS/news/coronavirus/message-to-campus-may12-2020.htm
Fisher College,Private,MA,"no final decision until at least July 1",Waiting to decide,https://www.fisher.edu/about/updates-on-the-coronavirus
Florida Institute of Technology,Private,FL,"plans to resume face-to-face classes for fall semester",Planning for in-person,https://www.fit.edu/coronavirus/
Florida Southern College,Private,FL,"moved start of fall semester to September 1 from August 18",Planning for in-person,https://www.flsouthern.edu/news/recent/2020/general/fall-fall-semester-classes-to-begin-september-1.aspx
Florida State University,Public,FL,"expects fall semester will start as normal in August",Planning for in-person,https://news.fsu.edu/news/2020/04/15/frequently-asked-questions-for-undergraduate-students-starting-in-summer-2020/
Fordham University,Private,NY,"planning for in-person",Planning for in-person,https://www.fordham.edu/info/29768/fall_2020
Fullerton College,Public,CA,"planning for online",Proposing a hybrid model,https://coronavirus.fullcoll.edu/2020/05/08/campus-update-for-students-may-8-distance-education-continues-through-the-fall/
Furman University,Private,SC,"will announce plans by mid to late June",Waiting to decide,https://www.furman.edu/covid-19/updates/04-24-2020/
Gannon University,Private,PA,"intends to resume face-to-face classes in August",Planning for in-person,https://update.gannon.edu/Update/Detail/30?fbclid=IwAR2B6uUtTquJKtbmGZU8rDMlG1jK8zFNHlWFhTUC2BpB6iJQU9D2CGVTgMY
Geneva College,Private,PA,"plans to resume in-person instruction",Planning for in-person,https://www.geneva.edu/emergency/covid-19-update-students
George Fox University,Public,OR,"plans to open campus in the fall",Planning for in-person,https://blogs.georgefox.edu/bruinblog/?p=3655
George Mason University,Public,VA,"says more information could come by early June",Waiting to decide,https://www.virginiabusiness.com/article/fall-semester-on-the-minds-of-virginias-colleges-and-universities/
George Washington University,Private,DC,"will provide "a more detailed communication about our plans for operation by May 15",Waiting to decide,https://campusadvisories.gwu.edu/covid-19-frequently-asked-questions
Gonzaga University,Private,WA,"“will work with the goal of returning to operations and re-opening our campus – including resuming in-class instruction – for fall semester 2020”",Planning for in-person,https://www.gonzaga.edu/about/offices-services/emergency-preparedness/zagready/hazard-specific-resources/coronavirus/announcements-messages/fall-2020-announcement-to-students-families?fbclid=IwAR1k8N-j7TO7kCEKtb_uBekCTS_5l3heBmfzh4N3M94l91u4G0Ki9LeUiOM
Grand Valley State University,Public,MI,"planning for in-person classes in the fall, but will announce a final decision by June 22",Planning for in-person,https://www.gvsu.edu/coronavirus"
Grinnell College,Private,IA,"considering a range of scenarios",Considering a range of scenarios,https://instructionalcontinuity.sites.grinnell.edu/wp-content/uploads/2020/05/AC-faculty-staff-5-5-FINAL.pdf
Grove City College,Private,PA,"planning for in-person",Planning for in-person,http://www.gcc.edu/Home/News-Archive/News-Article/college-prepares-for-return-to-classes-on-august-24
Guiliford College,Private,NC,"planning for in-person",Planning for in-person,https://www.guilford.edu/news/2020/05/guilford-college-open-campus-fall-2020
Hawaii Pacific University,Private,HI,"plans to open August 24 for fall semester",Planning for in-person,https://www.hpu.edu/about-us/news-and-events/news/2020/05/student-message-coronavirus.html
Hampden-Sydney College,Private,VA,"We will convene as a community and hold classes here at Hampden-Sydney this fall as we have for the past 245 years.",Planning for in-person,http://www.hsc.edu/news-index/fall-semester-resumes
Hampshire College,Private,MA,"planning in-person fall classes",Planning for in-person,https://www.hampshire.edu/health-services/2020/02/04/updates-on-covid-19-novel-coronavirus?fbclid=IwAR2RWKOVwZeiC0Hxw-RDAEduPFqQO-j1tzhCniVnPpjn2iHAp1H9IVdP9bM
Harding University,Private,AR," planning to resume in-person instruction",Planning for in-person,https://harding.edu/public-safety/emergency-management/coronavirus-notifications/may-8-update
Harvard University,Private,MA,"The campus will be open, but the provost says "we will need to prepare for a scenario in which much or all learning will be conducted remotely.",Considering a range of scenarios,https://www.harvard.edu/coronavirus/updates-community-messages/planning-for-fall-2020
Haverford College,Private,PA,"We expect on-campus learning to resume for the fall semester.",Planning for in-person,https://www.haverford.edu/coronavirus-information
High Point University,Private,NC,"preparing to resume in-person classes",Planning for in-person,http://www.highpoint.edu/studenthealth/coronavirus/
Hiram College,Private,OH,"planning for in-person",Planning for in-person,https://docs.google.com/spreadsheets/d/17ky9w6Hg49Qt86_LH4R83O8xUsl2fbk4WRp2Hl8JZNU/edit#gid=0
Hollins University,Private,VA,"planning for in-person fall classes",Planning for in-person,https://www.hollins.edu/coronavirus-preparedness/
Holy Cross College,Private,IN,"intends to be open for fall semester",Planning for in-person,https://ndsmcobserver.com/2020/05/holy-cross-announces-intent-to-begin-in-person-instruction-aug-24/
Hope International University,Private,CA,"planning in-person fall classes",Planning for in-person,https://www.hiu.edu/about-hiu/news-and-events/news-detail.php?id=438
Huntingdon College,Private,AL,"plans to start fall semester in-person on August 10",Planning for in-person,https://www.huntingdon.edu/huntingdon-announces-fall-start-date/
Husson University,Private,ME,"Husson will be welcoming students back to our campus in the fall, provided health authorities at the local, state and federal level deem it safe to reopen.",Planning for in-person,https://www.husson.edu/covid-19-response
Indiana University,Public,IN,"Indiana University, Public, IN  Will return to in-person instruction in the fall in a best-case scenario",Considering a range of scenarios,https://indianapublicmedia.org/news/returning-to-campus-maybe.-iu-president-outlines-5-scenarios-for-fall-semester.php
Illinois State University,Public,IL,"“ISU fully intends to welcome students back to campus for the 2020-2021 academic year” ",Planning for in-person,https://news.illinoisstate.edu/2020/04/a-message-from-president-dietz-to-faculty-and-staff-4-30-20/
Iowa Board of Regents,Public,IA,"planning "a full normal operation" for its universities — including Iowa State University, the University of Iowa,  and the University of Northern Iowa — and "in person classes, reopening of residence halls" in the fall",Planning for in-person,https://www.president.iastate.edu/sites/default/files/communications/President's%20Messages/FY20/2020.4.24%20Fall%20Planning.pdf
Ithaca College,Private,NY,"considering a range of scenarios, but suspending all international trips",Considering a range of scenarios,https://www.ithaca.edu/news/update-campus-operations-june-and-july
James Madison University,Public,VA,"“We are expecting to open as scheduled for in-person classes.”",Planning for in-person,https://www.jmu.edu/news/covid19/index.shtml
Judson University,Private,IL,"planning to reopen in the fall with in-person classes and residential students, but will adjust to state requirements if necessary",Planning for in-person,https://www.judsonu.edu/coronavirus/
Kansas State University,Public,KS,"intends to return to campus in the fall",Planning for in-person,https://www.k-state.edu/today/announcement/?id=64796
Kean University,Public,NJ,"waiting to decide",Waiting to decide,https://www.kean.edu/coronavirus-information
Kent State University,Public,OH,"planning for a range of scenarios ",Considering a range of scenarios,https://www.kent.edu/kent/thursday-april-30-2020-345-pm
Kenyon College,Private,OH,"planning for in-person",Planning for in-person,https://blogs.kenyon.edu/campus-report/post/covid-19-update-planning-for-fall-2020/
Knox College,Private,IL,"plans to welcome students back for in-person classes",Planning for in-person,https://www.knox.edu/news/president-announces-plans-to-welcome-students-back-for-fall-term
LaGrange College,Private,GA,"planning for in-person",Planning for in-person,https://www.lagrange.edu/News/2020/05/College%20plans%20fall%20return.html#.XrRmoGhKjI
Laguna College of Art and Design,Private,CA,"planning for in-person instruction",Planning for in-person,https://my.lcad.edu/wp-content/uploads/2020/03/fall-semester-update-5_4_2020.pdf
Lake Superior State University,Public,MI,"plans to start fall classes earlier than normal",Planning for in-person,https://www.freep.com/story/news/education/2020/05/07/lake-superior-state-classes-early-fall-covid/3090060001/
Lawrence Technological University,Private,MI,"intends to welcome students in the fall, but will announce plans on July 1",Waiting to decide,https://www.ltu.edu/coronavirus/president.asp
Lawrence University,Private,WI,"considering a range of scenarios",Considering a range of scenarios,https://blogs.lawrence.edu/covid-19/2020/05/11/looking-forward-to-fall-a-message-from-president-burstein/
Lehigh University,Private,PA,"will decide by June 15",Waiting to decide,https://www2.lehigh.edu/news/5620-updated-information-on-planning-for-the-fall-semester-from-president-simon
Lewis and Clark College,Private,OR,"Planning for in-person fall classes",Planning for in-person,https://college.lclark.edu/live/news/43420-fall-semester-academic-plans-for-the-college-of
Life Pacific University,Private,CA,"planning for in-person",Planning for in-person,https://www.lifepacific.edu/article/life-pacific-university-commits-open-university-safely-fall
Lindenwood University,Private,MO,"isn’t offering seated classes until at least August 9",Planning for in-person,https://www.lindenwood.edu/student-life/health-wellness/coronavirus/
Lipscomb,Private,TN,"planning on being open for fall semester",Planning for in-person,https://www.lipscomb.edu/news/lipscomb-university-announces-intentions-return-campus-classes-fall
Longwood University,Public,VA,"exploring how it can “safely reopen for in-person learning in the upcoming fall semester”",Planning for in-person,http://www.longwood.edu/news/2020/longwood-announces-leadership-team/
Los Angeles Community College District,Public,CA,"planning for online",Planning for online,http://www.laccd.edu/Documents/NewsDocuments/Chancellors%20Updated%20Message%2 0to%20LACCD%20Community.pdf
Louisiana College,Private,LA,"plans to have on-campus fall classes",Planning for in-person,https://www.lacollege.edu/news/lc-campus-opens-for-fall-semester/
Loyola Marymount University,Private,CA,"planning for an in-person fall semester",Planning for in-person,https://www.lmu.edu/coronavirus/communitymessages/messagefromtheprovosttostudentsinformationaboutfallsemester2020/
Loyola University Chicago,Private,IL,"planning a range of scenarios",Considering a range of scenarios,https://www.luc.edu/coronavirus/#recent_changes
Loyala University Maryland,Private,MD,"expects to reopen campus in the fall",Planning for in-person,https://thegreyhound.org/site/2020/04/29/planning-for-reopening-begins-at-loyola/
Lubbock Christian University,Private,TX,"planning for in-person fall classes",Planning for in-person,https://lcu.edu/resources/health-and-safety/medical-clinic/coronavirus/
Macalester College,Private,MN,"Our strong preference is to complete two full semesters of on-campus instruction," but academic calendar may be tweaked and — only if necessary — instruction could be online",Planning for in-person,https://www.macalester.edu/news/2020/04/planning-for-fall-2020/
Manhattan College,Private,NY,"plans to open in the fall",Planning for in-person,https://manhattan.edu/coronavirus-updates/coronavirus-faq.php
Manhattanville College,Private,NY,"planning to be back on campus for in-person instruction",Planning for in-person,https://www.mville.edu/content/covid-19-information-manhattanville-community
Marietta College,Private,OH,"planning for in-person",Planning for in-person,https://www.marietta.edu/article/preparing-for-fall-semester
Marquette University,Private,WI,"“will resume campus operations this fall if governmental and medical authorities say it is safe to do so",Planning for in-person,https://today.marquette.edu/2020/04/covid-19-update-campus-operations-this-fall-and-new-commencement-date/"
Marshall University,Public,WV,"The university "has begun tentative plans to have in-person classes for the fall 2020 semester.",Planning for in-person,https://www.marshall.edu/ucomm/2020/04/27/university-making-tentative-plans-to-offer-on-campus-classes-for-fall-semester/
Mary Baldwin University,Private,VA,"intends to reopen campus",Planning for in-person,https://marybaldwin.edu/news/2020/05/06/mary-baldwin-university-announces-intent-open-residential-campus-fall-20/
Marymount Manhattan College,Private,NY,"plans to return to on-campus instruction for fall semester ",Planning for in-person,https://www.mmm.edu/offices/dow-zanghi-health-center/updates-regarding-coronavirus-covid-19/
Marymount University,Private,VA,"planning for in-person fall classes",Planning for in-person,https://www.marymount.edu/Home/News-Events/News?newsId=589
Maryville College,Private,TN,"“cautiously optimistic” about in-person fall classes",Planning for in-person,https://www.maryvillecollege.edu/news/2020/3096/mc-39-cautiously-optimistic-39-for-in-person-instruction-this-fall/
Massachusetts Institute of Technology,Private,MA,"no firm deadline, but hopes for a decision in late late June or early July",Waiting to decide,https://covid.mit.edu/updates/may-5-town-hall-faq
McMurry University,Private,TX,"beginning a "five-phase plan to fully reopen the campus for fall 2020 with face-to-face classes",Planning for in-person,https://news.mcm.edu/2020/04/McMurry%20University%20Returns%20To%20Face-to-Face%20Classes.html#.XrnFMBNKhmB
Menlo College,Private,CA,"planning for in-person with a later start date",Planning for in-person,https://docs.google.com/document/d/e/2PACX-1vRNO3wQWi8C66GKeK1bJWFcVC73O-ZPevywKWj3cVysjpll_Reywjj9Gowh9jVdIovBPIEbtT70KZw0/pub
Merrimack College,Private,MA,"planning to be "residential and open in the fall",Planning for in-person,https://www.merrimack.edu/health-alerts/april-19-coronavirus-update/index.php
Miami University,Public,OH,"committed to on-campus instruction in the fall, but planning for alternatives",Planning for in-person,https://www.miamioh.edu/news/top-stories/2020/04/crawford-community-update.html
Michigan State University,Public,MI,"planning a range of scenarios",Considering a range of scenarios,https://president.msu.edu/communications/messages-statements/2020_statements/2020_04_24_reopening_task_force.html
Middle Tennessee State University,Public,TN,"plans to have on-campus classes in the fall ",Planning for in-person,https://mtsu.edu/coronavirus/archive/post/117/april-30-campus-update-from-president-mcphee
Midwestern State University,Public,TX,"intends to be “fully operational this fall for in-person instruction”",Planning for in-person,https://msutexas.edu/coronavirus/index.php
Middlebury College,Private,VT,"“We are working toward a safe and secure opening of our campus for the fall semester,” with a plan to be announced by June 22.",Planning for in-person,https://www.middlebury.edu/office/announcements/previous-announcements/april-30-2020-letter-president-patton-scenario-planning
Midlands University,Private,NE,"planning to resume in-person classes in the fall",Planning for in-person,https://www.midlandu.edu/midland-university-plans-person-classes-fall
Millikin University,Private,IL,"planning for in-person",Planning for in-person,https://millikin.edu/covid19update/05-13-2020
Millsaps College,Private,MS,"planning for in-person",Planning for in-person,http://www.millsaps.edu/coronavirus/may-4-campus-update.php
Milwaukee School of Engineering,Private,WI,"planning to reopen in the fall",Planning for in-person,https://www.msoe.edu/raider-return/
Mississippi State University,Public,MS,"planning for in-person",Planning for in-person,https://www.msstate.edu/newsroom/article/2020/05/msu-plans-person-classroom-instruction-fall-2020-semester
Missouri State University,Public,MO,"planning for an in-person fall semester",Planning for in-person,https://blogs.missouristate.edu/president/2020/05/05/clifs-notes-for-may-5-2020/?utm_source=feed&utm_medium=feed&utm_campaign=feed
Missouri University of Science and Technology,Public,MO,"planning for in-person fall classes",Planning for in-person,https://news.mst.edu/2020/05/missouri-st-plans-to-resume-in-person-classes-this-fall/
Montana State University,Public,MT,"planning for the return of students in the fall, subject to guidance from a task force",Planning for in-person,https://mus.edu/coronavirus/healthy-fall2020-taskforce.html
Morningside College,Private,IA," plans to be open for fall semester",Planning for in-person,https://www.morningside.edu/news/from-president-reynders-when-fall-semester-arrives-morningside-will-be-open-ready/
Mount Holyoke,Private,MA,"reportedly planning hybrid classes",Proposing a hybrid model,https://www.mtholyoke.edu/health/coronavirus
Mount Union University,Private,OH,"hopes to resume face-to-face classes in the fall, but planning for alternatives",Planning for in-person,https://www.mountunion.edu/covid-19
Mount St. Mary's University,Private,MD,"plans to resume face-to-face instruction and on-campus classes",Planning for in-person,https://news.msmary.edu/2020/05/mount-st-marys-to-resume-on-campus-classes-for-fall-2020.html
New College of Florida,Public,FL,"considering a range of scenarios",Considering a range of scenarios,https://www.ncf.edu/emergency-management/campuswide-alerts/
New Jersey Institute of Technology,Public,NJ,"planning for in-person classes",Planning for in-person,https://www.njit.edu/update-provost-deek-pandemic-recovery-plan
New Mexico State University,Public,NM,"plans to return to an adapted model of face-to-face, supplemented with hybrid and online instruction",Proposing a hybrid model,https://nmsu.edu/coronavirus/#communications
New York University,Private,NY,"“proceeding on the basis that it will resume in-person operations” in the fall",Planning for in-person,https://www.nyu.edu/about/leadership-university-administration/office-of-the-president/communications/taking-stock-the-impact-of-covid-19-and-looking-to-the-future.html
Nicholls State University,Public,LA,"“In the fall we’re back on our campus.”",Planning for in-person,https://www.nicholls.edu/2020/04/17/fall-semester-outlook/
North Carolina Central University,Public,NC,"planning for in-person",Planning for in-person,https://www.nccu.edu/news/message-chancellor-campus-updates-and-fall-2020-preparations
North Carolina State University,Public,NC,"We fully expect to have our new and continuing students on campus for the fall semester.",Planning for in-person,https://www.ncsu.edu/coronavirus/preparing-for-what-lies-ahead/
North Dakota University system,Public,ND,"intends to have students back in the fall on its 11 campuses, including North Dakota State University and the University of North Dakota",Planning for in-person,https://www.inforum.com/news/education/6465252-North-Dakota-University-System-intends-to-have-students-back-on-campus-this-fall
Northeastern University,Private,MA,"intends to reopen campuses in the fall",Planning for in-person,https://news.northeastern.edu/coronavirus/university-messages/our-path-forward/?fbclid=IwAR1FmmFhINnFYwSRBv26i0T2zpE8lJai5fvOEMd2zl0VPuQJufIfB_9wOpQ
Northern Arizona University,Public,AZ,"planning for on-campus fall classes",Planning for in-person,https://nau.edu/coronavirus/
Northern Illinois University,Public,IL,"hopes to announce fall plans within the next two months",Waiting to decide,https://www.niu.edu/updates/messaging/4-23-20-covid-extension-from-president.html
Northern Michigan University,Public,MI,"planning for a return to face-to-face instruction",Planning for in-person,https://news.nmu.edu/node/930
Northwest Missouri State University,Public,MO,"planning to resume on-campus instruction in the fall",Planning for in-person,https://www.nwmissouri.edu/media/news/2020/05/05fallclasses.htm
Northwestern College,Private,IA,"planning for in-person",Planning for in-person,https://www.nwciowa.edu/wellness/coronavirus/FAQs
Norwich University,Private,VT,"intends to be open in the fall",Planning for in-person,https://www.norwich.edu/news/psa
Nova Southeastern University,Private,FL,"will resume in-person classes in the fall",Planning for in-person,https://www.nova.edu/coronavirus/index.html
Oakland University,Public,MI,"planning for "a hybrid approach" that includes both face-to-face and remote instruction" in the fall",Proposing a hybrid model,https://www.bridgemi.com/talent-education/first-michigan-college-unveils-fall-plan-masks-tests-some-campus-classes
Oberlin College,Private,OH,"planning on-campus fall classes with varying start dates",Planning for in-person,https://www.oberlin.edu/campus-resources/bulletins/update-fall-opening
Ohio Northern University,Private,OH,"plans to resume in-person classes",Planning for in-person,https://www.onu.edu/news/onu-resume-person-education-fall
Ohio State University,Public,OH,"leaning toward in-person classes, with a final decision by late June",Considering a range of scenarios,https://www.thelantern.com/2020/04/president-drake-says-on-campus-transition-could-begin-in-coming-weeks/
Ohio University,Public,OH,"intends to reopen campus in the fall ",Planning for in-person,https://www.ohio.edu/news/2020/05/ohio-university-prepares-open-campuses-fall
Oklahoma State University,Public,OK,"planning on resuming in-person classes in the fall",Planning for in-person,https://go.okstate.edu/coronavirus/
Old Dominion University,Public,VA,"plans to reopen campus in the fall",Planning for in-person,https://www.odu.edu/emergency/news/2020/2/novel_coronavirus_co/update-31
Oregon State University,Public,OR,"planning for in-person",Planning for in-person,https://covid.oregonstate.edu/
Otterbein University,Private,OH,"Planning to open campus in the fall",Planning for in-person,https://www.otterbein.edu/news/otterbein-university-will-open-campus-for-fall-semester/
Pace University,Private,NY,"It is our hope and intention to resume our regular schedule of face-to-face classes across all three of our campuses for fall 2020," the provost wrote. "But ultimately that decision will not be ours to make.",Planning for in-person,https://myemail.constantcontact.com/Memo-to-Students--Updates-for-Spring-Semester--Summer-Courses--and-Fall-Planning.html?soid=1103481471610&aid=PmPwvZPaFIM
Pacific Lutheran University,Private,WA,"plans to return to in-person instruction in the fall",Planning for in-person,https://www.plu.edu/marcom/news/2020/04/29/whats-happening-this-fall/
Pacific Northwest College of Art,Private,OR,"planning for in-person",Planning for in-person,https://vimeo.com/413815925
Pacific School of Religion,Private,CA,"proposing a hybrid model",Proposing a hybrid model,https://psr.edu/latest-updates-from-the-president/
Pacific University,Private,OR,"“We plan to launch our fall terms on campus, with appropriate adjustments.”",Planning for in-person,https://www.pacificu.edu/about/media/pacific-prepares-fall-2020
Palomar College,Public,CA,"planning a hybrid model",Proposing a hybrid model,https://www2.palomar.edu/pages/covid19/majority-of-fall-semester-courses-will-be-online/
Pennsylvania State University,Public,PA,"expects updates on fall semester by June 15",Waiting to decide,https://news.psu.edu/story/617879/2020/04/29/administration/penn-state-coronavirus-task-groups-continue-future-focused
Portland Community College,Public,OR,"all fall classes will be taught online",Planning for online,https://www.pcc.edu/coronavirus/
Portland State University,Public,OR,"waiting to decide, with recommendations coming by May 22",Waiting to decide,https://www.pdx.edu/coronavirus-response
Quincy University,Private,IL,"planning for in-person",Planning for in-person,https://wgem.com/2020/05/13/quincy-university-plans-to-have-face-to-face-classes-this-fall/
Princeton University,Private,NJ,"decision expected in early July, asked faculty to assume classes will be online when planning",Waiting to decide,https://www.princeton.edu/news/2020/05/04/president-eisgruber-writes-princeton-community-about-state-university-and-planning
Purdue University,Public,IN,"planning to start fall semester in person if testing and contact tracing allows",Planning for in-person,https://www.purdue.edu/president/messages/campus-community/2020/2004-fall-message.php?_ga=2.109533381.1134557030.1587428196-1139376489.1587428196
Radford University,Public,VA,"will reopen on August 3, with face-to-face instruction beginning on August 24",Planning for in-person,https://www.radford.edu/content/radfordcore/home/coronavirus/updates/fall-reopening.html
Randolph College,Private,VA,"planning to resume on-campus, residential operations",Planning for in-person,https://www.randolphcollege.edu/covid19/
Reed College,Private,OR,"will announce fall plans by June 30",Waiting to decide,https://www.reed.edu/coronavirus/communications/may-1-2020-plans-for-reeds-fall-semester.html
Regis University,Private,CO,"planning on starting and ending fall semester early",Planning for in-person,https://www.regis.edu/news/2020/05/fall-semester-to-start-early
Reformed Theological Seminary,Private,Multiple,"expects to be in-person",Planning for in-person,https://rts.edu/news/news-institutional/rts-announces-plans-for-fall-2020-classes/
Rensselaer Polytechnic Institute,Private,NY,"waiting to decide",Waiting to decide,https://covid19.rpi.edu/announcements/hands-experiences
Rhodes College,Private,TN,"will share plans by May 27",Waiting to decide,https://t.e2ma.net/message/b27m7b/f9nntxb
Rice University,Private,TX,"planning a shortened semester with a hybrid approach",Proposing a hybrid model,https://www.ricethresher.org/article/2020/05/leebron-announces-plan-for-fall-semester
Roanoke College,Private,VA,"plans to resume in-person instruction",Planning for in-person,https://www.roanoke.edu/about/news/maxey_message_fall_2020
Rochester Institute of Technology,Private,NY,"“optimistic” about being open for fall",Planning for in-person,https://www.rit.edu/news/eyes-fall-time-creativity
Rockhurst University,Private,MO,"planning a "traditional" start to fall semester/",Planning for in-person,https://twitter.com/RockhurstU/status/1255932257950486528
Roger Williams University,Private,RI,"planning for in-person",Planning for in-person,https://pbn.com/rwu-working-on-protocols-to-reopen-campus-in-the-fall/
Rollins College,Private,FL,"expects fall programs to be “running normally”",Planning for in-person,https://emergency.rollins.edu/covid19/
Rutgers University,Public,NJ,"operating remotely",Considering a range of scenarios,https://nbchancellor.rutgers.edu/status
Sacred Heart University,Private,CT,"planning for in-person",Planning for in-person,https://www.sacredheart.edu/offices--departments-directory/health-services/coronavirus/
Sarah Lawrence College,Private,NY,"plans to begin fall semester as scheduled, while exploring a number of scenarios for accomplishing that ",Considering a range of scenarios,https://www.sarahlawrence.edu/status/covid/#accordion-2-1-1-4
Saint Francis University,Private,PA,"intends to return students to campus in the fall",Planning for in-person,https://www.francis.edu/coronavirus-updates/
Saint Leo University,Private,FL,"will decide in the summer",Waiting to decide,saintleo.edu/coronavirus
Saint Mary's College,Private,IN,"plans to reopen in the fall",Planning for in-person,https://www.saintmarys.edu/emergency-info
Samford University,Private,AL,"href="https://www.samford.edu/news/2020/04/Samford-Announces-Plans--Fall-2020">plans to resume on-campus classes and reopen residence halls for the fall 2020 semester",Planning for in-person
San Jose State University,Public,CA,"planning to offer online and hybrid courses",Proposing a hybrid model,https://www.mercurynews.com/2020/04/22/sjsu-cal-state-east-bay-considering-hybrid-of-online-and-in-person-classes-for-fall/
Santa Monica College,Private,CA,"will hold fall classes online",Planning for in-person,http://www.smc.edu/ACG/Superintendent-President/Message/Pages/Fall-2020-Update-Watch-We-Miss-You.aspx
Santa Rosa Junior College,Public,CA,"will continue remote instruction through the fall semester",Planning for online,https://www.santarosa.edu/
Schreiner University,Private,TX,"planning for in-person fall classes",Planning for in-person,https://schreiner.edu/news-schreiner-university-announces-plans-for-fall-2020/
Seattle University,Private,WA,"intends to reopen campus in the fall",Planning for in-person,https://www.seattleu.edu/newsroom/stories/seattle-university-intends-to-re-open-for-fall-quarter.html
Seton Hall University,Private,NJ,"“We have a team in place finalizing plans for our collective return to campus in the fall,” but contingency plans are being made “to ensure we are prepared should the science or government guidance delay a return or require modified approaches.”",Planning for in-person,https://www.shu.edu/health-intervention-communication/coronavirus-campus-communications.cfm#april27
Shenandoah University,Private,VA,"plans to make a decision by around July 1",Waiting to decide,https://www.virginiabusiness.com/article/fall-semester-on-the-minds-of-virginias-colleges-and-universities/
Siena Heights University,Private,MI,"plan",Planning for in-person,https://sienaheights.edu/Siena-Heights-News/ArtMID/2940/ArticleID/710/Siena-Heights-University-Fall-2020-Opening-Statement
Sierra College,Public,CA,"announced via Twitter that classes will be remote",Planning for online,https://twitter.com/SierraCollege/status/1254807916701298688
Simmons University,Private,MA,"planning a hybrid model ",Proposing a hybrid model,https://www.simmons.edu/news/simmons-university-announces-comprehensive-online-undergraduate-experience
Simpson College,Private,IA,"intends to have in-person fall classes",Planning for in-person,https://simpson.edu/covid19
Simpson University,Private,CA,"planning for in-person",Planning for in-person,https://simpsonunews.com/2020/05/05/simpson-university-announces-intention-to-reopen-campus-in-fall-20/
South Dakota School of Mines and Technology,Public,SD,"planning for in-person",Planning for in-person,https://www.sdsmt.edu/News/Mines-Returns-to-In-Person-Classes-in-Fall-2020/#.Xrxe-S-z1hF
Southeastern Oklahoma State University,Public,OK,"intends to return to in-person instruction in the fall",Planning for in-person,https://www.se.edu/2020/05/new-southeastern-president-begins-duties-will-form-task-force-to-plan-for-return-to-regular-classes-in-the-fall/
Southern Methodist University,Private,TX,"plans to reopen campus in the fall",Planning for in-person,https://blog.smu.edu/coronavirus-covid-19/2020/04/30/we-intend-to-be-open-in-fall-2020/
Southern New Hampshire University,Private,NH,"planning to allow students to move into dorms, and is offering full tuition scholarships to incoming freshmen",Planning for in-person,https://www.snhu.edu/about-us/newsroom/2020/04/full-tuition-scholarships-for-incoming-freshmen
Southern Utah University,Public,UT,"plans to offer both in-person and online classes in the fall",Proposing a hybrid model,https://www.suu.edu/news/2020/02/coronavirus-health-notice.html
Southwest Baptist University,Private,MO,"planning for in-person",Planning for in-person,https://bolivarmonews.com/free/let-there-be-life/article_11d6e50e-91a1-11ea-b50e-d34ba7f9a711.html
Southwestern Baptist Theological Seminary,Private,TX,"planning to have on-campus instruction",Planning for in-person,https://swbts.edu/news/releases/southwestern-seminary-announces-plans-resume-campus-instruction-fall/
Southwestern Oklahoma State University,Public,OK,"Intends to resume in-person classes in the fall",Planning for in-person,https://www.swosu.edu/news/releases/2020/2020-05-04b.aspx
St. John Fisher College,Private,NY,"planning to reopen in the fall",Planning for in-person,https://www.wxxinews.org/post/rochester-area-colleges-begin-planning-fall-reopening?fbclid=IwAR3avK0DvFMs9nSax-gIGeCeGEA14H5lEgJVYCBxJPuBd30lqJCSo8WGVTE
St. Louis University,Private,MO,"planning a gradual reopening",Planning for in-person,https://www.ksdk.com/article/news/education/saint-louis-university-plan-fall-semester/63-7ef4d9d7-1048-42fb-8aeb-56b3c499f266
St. Mary’s College of California,Private,CA,"“We are planning to welcome students back to campus and conduct in-person courses this fall.”",Planning for in-person,https://www.stmarys-ca.edu/public-safety-transportation/message-to-faculty-staff-students-about-fall-2020
St. Michael's College,Private,VT,"planning for in-person",Planning for in-person,https://www.smcvt.edu/student-life/health-and-safety/bergeron-wellness-center/health-alert-coronavirus-covid-19/
St. Olaf College,Private,MN,"considering a range of scenarios",Considering a range of scenarios,https://www.stolaf.edu/multimedia/play/?p=907
Stanford University,Private,CA,"expects to make a decision in May, but might delay fall quarter till winter",Waiting to decide,https://www.stanforddaily.com/2020/04/16/next-academic-year-could-start-in-winter-provost-says/
Stephen F. Austin State University,Public,TX,"will announce plans for fall by the end of June",Waiting to decide,http://www.sfasu.edu/life-at-sfa/health-safety/health-clinic/coronavirus/messages/20200423-campus-letter
Stetson University,Private,FL,"planning for in-person classes but will make a decision by mid to late June",Planning for in-person,https://www.stetson.edu/other/covid-19/index.php
Stevens Institute of Technology,Private,NJ,"planning a variety of scenarios",Considering a range of scenarios,https://www.stevens.edu/directory/student-health-services/health-advisory-update/coronavirus-2019-covid-19-information/advisories-updates/april-2020#042920a
Stockton University,Public,NJ,"expects a final decision by mid-July",Waiting to decide,https://stockton.edu/emergency-management/coronavirus.html
Stony Brook University,Public,NY,"expects a decision by June 30",Waiting to decide,https://www.stonybrook.edu/commcms/coronavirus/
Swarthmore College,Private,PA,"anticipates being able to share plans by June 1",Waiting to decide,https://www.swarthmore.edu/coronavirus-disease-2019-covid-19-information/planning-academic-continuity
Sweet Briar College,Private,VA,"plans to resume in-person instruction in the fall",Planning for in-person,https://sbc.edu/campus-safety/covid-19/
Syracuse University,Private,NY,"developing “multiple fall opening scenarios” with the “hope and intention that we will be welcoming students back to campus”",Considering a range of scenarios,https://news.syr.edu/blog/2020/04/16/our-plan-for-fall-2020/
Tarleton State University,Public,TX,"planning for face-to-face instruction in the fall",Planning for in-person,https://www.tarleton.edu/coronavirus/
Taylor University,Private,IN,"planning for in-person",Planning for in-person,https://www.facebook.com/watch/live/?v=472602113490213&ref=watch_permalink
Temple University,Public,PA,"expects a decision by the end of May",Waiting to decide,https://temple-news.com/temple-considering-plans-to-reopen-campus-in-fall-2020/
Texas A&M University,Public,TX,"planning for on-campus operations in the fall",Planning for in-person,https://www.tamu.edu/coronavirus/april-30-thank-you-and-plans-for-summer-fall.html
Texas Christian University,Private,TX,"planning for in-person fall classes",Planning for in-person,https://www.tcu.edu/coronavirus/index.php#campus-statement-1
Texas State University system,Public,TX,"plans to resume face-to-face instruction at its six campuses, including Lamar, Sam Houston State, Sul Ross State, and Texas State Universities",Planning for in-person,https://www.tsus.edu/newsroom/news-releases/release-050120-a.html
Texas Tech University,Public,TX,"plans to resume in-person instruction in the fall with a "phased return" that could include some in-person classes in the summer",Planning for in-person,https://www.depts.ttu.edu/communications/emergency/coronavirus/update-4-29-20.php
Texas Woman's University,Public,TX,"planning for in-person classes",Planning for in-person,https://twu.edu/news-events/news/twu-plans-to-resume-in-person-classes-in-fall/
Thomas Jefferson University,Private,PA,"planning for on-campus fall classes",Planning for in-person,https://www.jefferson.edu/coronavirus.html#updates
Transylvania University,Private,KY,"will announce fall plans in early june",Waiting to decide,https://blog.transy.edu/2020/04/message-from-interim-president-williams-to-the-transylvania-community-april-24-2020/
Trevecca Nazarene University,Private,TN,"plans to resume in-person classes unless health officials recommend otherwise",Planning for in-person,https://www.trevecca.edu/offices-services/trevecca-to-welcome-students-back-to-campus-for-the-fall-2020-semester
Trine University,Private,IN,"planning to reopen in the fall",Planning for in-person,https://www.trine.edu/news/2020/open-fall.aspx
Trinity University,Private,TX,"planning for in-person ",Planning for in-person,https://sites.google.com/trinity.edu/trinityuniversitycovid-19/community-messages/fall-semester-plans-5112020?authuser=0
Troy University,Public,AL,"will return students to campus in the fall",Planning for in-person,https://www.troy.edu/coronavirus/
Tufts University,Private,MA,"planning a range of scenarios",Considering a range of scenarios,https://coronavirus.tufts.edu/community-messages/04-24-20-academic-continuity-and-planning-for-fall-2020/
Tulane University,Private,LA,"plans to have students on-campus for fall semester",Planning for in-person,https://president.tulane.edu/view-from-gibson/finals-and-plans-fall-heroes-helpers
Union College,Private,NY,"planning for in-person",Planning for in-person,https://www.youtube.com/watch?v=YiikVDrbPpU&feature=youtu.be&utm_source=PMT+Updates&utm_campaign=6cb78e44fa-EMAIL_CAMPAIGN_2020_05_08_05_07_COPY_02&utm_medium=email&utm_term=0_8bc039f210-6cb78e44fa-491544770
Union University,Private,TN,"plans to resume face-to-face instruction in August",Planning for in-person,https://www.uu.edu/studentlife/health-services/covid-19.cfm
University of Alabama system,Public,AL,"We are expecting to have a fall semester at all of our universities," the president said. "We understand that things could happen that make it impossible, but that’s what we are planning for at this time.",Planning for in-person "University of Alaska, Anchorage",Public,AK,"proposing a hybrid model",Proposing a hybrid model,https://www.al.com/education/2020/04/university-of-alabama-planning-to-reopen-for-fall-we-fully-expect-to-have-on-campus-instruction.html
University of Arizona,Public,AZ,"intends to offer in-person classes in the fall",Planning for in-person,https://uanews.arizona.edu/story/president-robbins-uarizona-plans-resume-inperson-classes-fall
University of Arkansas System,Public,AR,"trustees approved in-person fall instruction",Planning for in-person,https://www.arkansasonline.com/news/2020/may/05/ua-trustees-ok-campus-classes-for-fall-/
University of Bridgeport,Private,CT,"planning for in-person",Planning for in-person,https://www.bridgeport.edu/covid-19/announcements
University of Buffalo,Public,NY,">planning a range of scenarios",Considering a range of scenarios,http://www.buffalo.edu/president/from-the-president/communications/Phase2.html
University of California at Berkeley,Public,CA,"Some or all classes will be delivered via remote instruction.",Proposing a hybrid model,https://sa.berkeley.edu/covid19/Fall2020
University of California at Davis,Public,CA,"proposing a hybrid model",Proposing a hybrid model "University of California, Los Angeles",Public,CA,"planning for in-person and online options",Proposing a hybrid model,https://www.davisenterprise.com/local-news/uc-davis-likely-to-offer-remote-instruction-option-in-the-fall/
University of California at San Diego,Public,CA,"intends to offer a combination of in-person and remote instruction",Proposing a hybrid model,https://coronavirus.ucsd.edu/#current-status
University of California at Santa Cruz,Public,CA,"considering a range of scenarios",Considering a range of scenarios,https://news.ucsc.edu/2020/04/information-about-fall-quarter-2020.html
University of Central Florida,Public,FL,"leaning toward in-person classes",Planning for in-person,https://twitter.com/ByBerkowitz/status/1253321140803698690
University of Central Missouri,Public,MO,"planning in-person fall classes",Planning for in-person,https://www.ucmo.edu/about/university-leadership/ucm-president/
University of Central Oklahoma,Public,OK,"planning for in-person",Planning for in-person,https://www.uco.edu/coronavirus/
University of Charleston,Private,WV,"expects campus to be open in the fall ",Planning for in-person,https://www.ucwv.edu/coronavirus-information/
University of Chicago,Private,IL,"plans to decide by the end of June",Waiting to decide,https://coronavirusupdates.uchicago.edu/apr-24-email-update/
University of Colorado at Boulder,Public,CO,"leaning toward a hybrid plan; will announce by June",Proposing a hybrid model,https://www.colorado.edu/coronavirus
University of Connecticut,Public,CT,"no decision till summer",Waiting to decide,https://www.courant.com/coronavirus/hc-news-coronavirus-uconn-fall-semester-possibly-online-20200424-tgjh2akp3rar5lqmbrbspjb744-story.html
University of Dayton,Private,OH,"“pivoting toward re-opening campus in the fall” as highest priority",Planning for in-person,https://udayton.edu/president/path-forward/index.php
University of Delaware,Public,DE,"“We remain cautiously optimistic that we will be in a position to welcome all students on campus this fall.”",Planning for in-person,https://www.udel.edu/udaily/2020/april/covid-19-response-community-letter-president-assanis/
University of Denver,Private,CO,"“We plan to reopen with face-to-face classes when we begin our fall quarter in mid-September, as long as we can do so safely and responsibly. … We will make a final decision no later than July 15.”",Planning for in-person,https://www.du.edu/coronavirus
University of Florida,Public,FL,"will announce plans by mid-July",Waiting to decide,http://www.ufl.edu/health-updates/institutional-recovery-strategy/
University of Georgia system,Public,GA,"The university plans a "phased, gradual reopening" in the summer and will resume in-person instruction during the fall 2020 semester.",Planning for in-person,https://www.redandblack.com/coronavirus/breaking-uga-anticipates-return-to-in-person-instruction-for-fall-2020/article_c1c5eb2a-8a28-11ea-a9a5-57dba27b77bc.html
University of Hawaii,Public,HI,"Planning to resume in-person instruction",Planning for in-person,https://www.staradvertiser.com/2020/05/04/breaking-news/university-of-hawaii-to-resume-in-person-instruction-for-fall-semester/
University of Houston,Public,TX,"expects a decision on fall semester in late May or early June",Waiting to decide,https://cloudapps.uh.edu/sendit/w/THVLNU3k6jqJhqMQrFvJSA/YnMQUW1VLUcjNrID5m0zPA/763892ok763J41Zk892iBU72XVwolg
University of Illinois at Urbana-Champaign,Public,IL,"We are planning for in-person classes to begin as scheduled.",Planning for in-person,https://chicago.suntimes.com/education/2020/4/24/21234508/university-of-illinois-admission-tuition-payment-financial-aid-acceptance-coronavirus-covid-19
University of Kansas,Public,KS,"“Our plan is to resume on-campus operations in some capacity this fall.”",Planning for in-person,https://coronavirus.ku.edu/sites/coronavirus.ku.edu/files/docs/Restoring%20the%20KU%20Community.pdf
University of Kentucky,Public,KY,"will announce plans by mid-June",Waiting to decide,https://www.uky.edu/coronavirus/updates/how-we-reinvent-normal-our-campus
University of La Verne,Private,CA,"“We are planning to resume face-to-face instruction and residence hall operation in the fall.”",Planning for in-person,https://laverne.edu/health/2020/fall-planning-and-budget-outlook/
University of Louisiana System,Public,LA,"planning for in-person",Planning for in-person,https://www.wafb.com/2020/05/11/ul-system-plans-resume-in-person-classes-its-schools-this-fall/
University of Lynchburg,Private,VA,"planning in-person fall classes",Planning for in-person,https://www.lynchburg.edu/about/covid-19/messages-from-president-garren/
University of Maine system,Public,ME,"planning for in-person classes",Planning for in-person,https://bangordailynews.com/2020/04/21/education/maine-universities-plan-to-reopen-campus-this-fall-but-student-life-likely-wont-be-the-same/
University of Mary,Private,ND,"intends to hold in-person classes in the fall",Planning for in-person,https://news.umary.edu/university-of-mary-announces-intention-to-resume-on-campus-classes-in-september/
University of Mary Hardin-Baylor,Private,TX,"planning for in-person",Planning for in-person,https://go.umhb.edu/coronavirus/covid-19
University of Mary Washington,Public,VA,"intends to start in-person instruction in August but says "we should also be prepared for the unknown",Planning for in-person,https://www.umw.edu/advisories/2020/04/24/fall-opening-and-tuition-freeze/
University of Maryland system,Public,MD,"planning to start in-person, but some larger classes may be online",Planning for in-person,https://www.baltimoresun.com/coronavirus/bs-md-johns-hopkins-pay-cuts-20200422-tjkj7pipj5f3xm5xc372wuao4u-story.html
University of Massachusets Amherst,Public,MA,"expects a decision in “early summer”",Waiting to decide,https://www.youtube.com/watch?v=QIiWY6mz4lY&feature=youtu.be
University of Miami,Private,FL,"Our expectation is to begin our fall semester on time and on campus, so long as we can do so safely.",Planning for in-person,https://www.youtube.com/watch?v=msSIqGafFqo
University of Michigan,Public,MI,"hoping to hold classes in-person",Planning for in-person,https://www.detroitnews.com/story/news/local/michigan/2020/04/23/um-hopes-students-campus-fall-wayne-state-michigan-state-lean-online/3013230001/
University of Minnesota,Public,MN,"considering a range of scenarios and waiting to decide",Waiting to decide,https://www.startribune.com/university-of-minnesota-budget-envisions-multiple-scenarios-for-fall-class/570293472/
University of Missouri,Public,MO,"planning for in-person classes, though the system president said he is becoming "less optimistic" about fully opening in the fall",Proposing a hybrid model,https://abc17news.com/news/coronavirus/2020/04/22/wednesday-updates-columbia-college-student-tests-positive-for-covid-19/
University of Missouri at Kansas City,Public,MO,"expects to be on campus in the fall",Planning for in-person,https://www.umkc.edu/news/posts/2020/april/we-are-rooready-for-fall-semester-classes.html
University of Mobile,Private,AL,"“plans to resume on-ground instruction and residential housing this fall”",Planning for in-person,https://umobile.edu/news/university-of-mobile-plans-to-return-to-on-campus-instruction-in-fall/
University of Montana,Public,MT,"planning for in-person",Planning for in-person,https://www.umt.edu/coronavirus/communications/may7_president.php
University of Montevallo,Public,AL,"planning for in-person",Planning for in-person,https://www.montevallo.edu/about-um/marcomm/coronavirus-information/may-1/
University of Nebraska system,Public,NE,"The system "expects to hold classes on its campuses in the fall." The chancellor of the flagship University of Nebraska at Lincoln wrote in a letter on April 24, "UNL will be open in the fall for in-person instruction," taking public-health guidance, safety, and social distancing into account.",Planning for in-person "University of Nevada, Reno",Public,NV," planning for in-person fall classes",Planning for in-person,https://www.omaha.com/news/education/unl-expects-to-hold-on-campus-classes-in-the-fall-chancellor-says/article_3c549fae-b83e-5dce-b4e4-bf159513b178.html
University of New England,Private,ME,"planning to reopen campus in the fall",Planning for in-person,https://www.une.edu/news/2020/university-new-england-announces-plans-open-maine-campuses-fall-semester
University of New Hampshire,Public,NH,"planning for in-person",Planning for in-person,https://www.unh.edu/president/person-instruction-resume-fall-semester
University of New Haven,Private,CT,"intends to bring students back to campus in August, but is also “exploring academic contingencies for a variety of scenarios”",Considering a range of scenarios,https://www.newhaven.edu/coronavirus-info.php#notifications
University of North Carolina at Asheville,Private,NC,"planning for in-person instruction",Planning for in-person,https://coronavirus.unca.edu/resources/academics/
University of North Carolina at Chapel Hill,Public,NC,"optimistic for on-campus classes this fall, but still considering a variety of options",Planning for in-person,https://www.newsobserver.com/news/local/education/article242316001.html
University of North Carolina at Charlotte,Public,NC,"will begin fall semester two weeks later than planned",Planning for in-person,https://emergency.uncc.edu/health-advisories/coronavirus-information/coronavirus-campus-updates
University of North Carolina at Greensboro,Public,NC,"expects to start fall semester in-person",Planning for in-person,https://update.uncg.edu/uncg-outlook-for-fall-2020/
University of North Carolina at Pembroke,Public,NC,"We fully expect and it is our present intention to be back in our classrooms, labs, and offices this fall.",Planning for in-person,https://www.uncp.edu/news/uncp-plans-fall-2020-operations
University of Northern Colorado,Public,CO,"planning to return to campus in the fall",Planning for in-person,https://www.unco.edu/coronavirus/messages/planning-fall-semester.aspx
University of North Texas,Public,TX,"planning on safely resuming campus learning and residential life for fall 2020.",Planning for in-person,https://www.unt.edu/notices/planning-be-together-again-our-beautiful-campus-message-president
University of Notre Dame,Private,IN,"will announce plans by mid-June",Waiting to decide,https://ndsmcobserver.com/2020/04/notre-dame-to-announce-fall-semester-plans-mid-june/
University of Oklahoma,Public,OK,"Our intention is to return to in-person educational operations on all three campuses by this fall, offering traditional instruction and residential life.",Planning for in-person,http://www.ou.edu/web/news_events/articles/news_2020/letter-from-interim-president-harroz-fall-semester-plans
University of Oregon,Public,OR,"The university is aiming for in-person instruction in the fall, but the president says "it is unlikely that our fall quarter will look just like last fall.",Planning for in-person,https://around.uoregon.edu/content/uo-making-plans-campus-instruction-fall-term
University of the Pacific,Private,CA,"planning to welcome students back to its campuses in August",Planning for in-person,http://echo4.bluehornet.com/hostedemail/email.htm?CID=42181419576&ch=1B19627B7FC4A9CB523E4CAB01BB3A2C&h=20ac1e3452dc16b9b06a10c15882100c&ei=T-TMkPlNt&st=29-APR-20
University of Pennsylvania,Private,PA,"“planning for a likely combination of in-class and virtual teaching.”",Proposing a hybrid model,https://coronavirus.upenn.edu/
University of Pittsburgh,Public,PA,"says "back to normal probably is not likely" for the fall",Considering a range of scenarios,https://www.post-gazette.com/news/education/2020/04/16/Pitt-academic-calendar-university-students-Pittsburgh-fall-semester-coronavirus/stories/202004160183
University of Portland,Private,OR,"The university's goal is to operate in-person, but the president said it may adjust the academic calendar and "conduct some or all of our instruction in an online format if absolutely necessary.",Planning for in-person,https://www.upbeacon.com/article/2020/04/university-of-portland-considering-late-start-to-fall-semester
University of Redlands,Private,CA,"planning a range of options, and expects an update by mid-June",Considering a range of scenarios,https://www.redlands.edu/coronavirus-resources/message-29-on-429-considering-options-for-reopening-campuses/
University of Richmond,Private,VA,"intends to complete a the full 2020-2021 academic year on campus ",Considering a range of scenarios,https://www.richmond.edu/coronavirus/messages/index.html
University of Rochester,Private,NY,"making plans to offer two full semesters of instruction to our undergraduate and graduate students, ideally beginning with in-person orientation and classes”",Considering a range of scenarios,https://www.rochester.edu/coronavirus-update/message-from-provost-rob-clark-regarding-the-upcoming-academic-year/
University of San Diego,Private,CA,"following a six-point plan for bringing students back to campus",Proposing a hybrid model,https://www.sandiego.edu/news/detail.php?_focus=76564
University of Saint Francis,Private,IN,"planning for in-person",Planning for in-person,https://news.sf.edu/2020/04/30/usf-announces-plan-to-return-to-on-campus-instruction-in-fall/
University of Scranton,Private,PA,"planning for in-person fall classes",Planning for in-person,https://www.scranton.edu/covid-19/documents/summer-campus-update-4-24-20.pdf
University of South Alabama,Public,AL,"planning to resume in-person classes in the fall",Planning for in-person,https://www.southalabama.edu/departments/publicrelations/pressreleases/050120reopen.html
University of Southern California,Private,CA,"hopes to announce fall plans within the next two months",Waiting to decide,https://www.latimes.com/california/story/2020-04-28/usc-wont-give-partial-tuition-refunds-even-as-coronvirus-has-forced-campus-to-shift-to-online-learning
University of South Carolina,Public,SC,"will conduct in-person fall classes ",Planning for in-person,https://sc.edu/safety/coronavirus/
University of South Dakota system,Public,SD,"will resume on-campus instruction in the fall",Planning for in-person,https://www.usd.edu/news/2020/usd-prepares-for-fall-semester-launch
University of Southern Mississippi,Public,MS,"planning for students to be on-campus in the fall",Planning for in-person,https://www.usm.edu/news/2020/release/usm-preparing-to-welcome-students-back-to-campuses-this-fall.php
University of Puget Sound,Private,WA,"We plan to welcome new and returning students to campus in the fall and resume in-person courses … while adhering to public health guidelines.",Planning for in-person,https://www.pugetsound.edu/emergency/coronavirus-2020/frequently-asked-questions/#normalfall
University of Tampa,Private,FL,"planning for in-person",Planning for in-person,https://www.ut.edu/about-ut/university-services/office-of-public-information/fall-2020-opening
University of Tennessee system,Public,TN,"planning to bring students back in the fall",Planning for in-person,https://www.utk.edu/coronavirus/updates/returning-to-campus-this-fall
University of Texas system,Public,TX,"The UT System is planning for all institutions to hold classes on campus in the fall, and will fully comply with state and public health guidance to help ensure the health and safety of students, faculty, staff and visitors.",Planning for in-person,https://www.utsystem.edu/sites/covid-19/institutional-guidance
University of Toledo,Public,OH,"intends to reopen campus in the fall",Planning for in-person,http://news.utoledo.edu/index.php/05_11_2020/preparing-campus-utoledo-aims-to-open-campus-in-the-fall
University of Vermont,Public,VT,"Based on information currently available, I am confident UVM will be able to return to in-person status in fall 2020," the president said.",Planning for in-person,https://www.uvm.edu/newsstories/news/4/29/20-looking-fall-2020-message-president-garimella
University of Virginia,Public,VA,"plans an update on fall by mid June",Waiting to decide,https://www.virginiabusiness.com/article/fall-semester-on-the-minds-of-virginias-colleges-and-universities/
University of Washington,Publiuc,WA,"expects to have some in-person fall classes",Proposing a hybrid model,https://www.seattletimes.com/seattle-news/education/uw-expects-to-resume-some-in-person-classes-in-the-fall-following-coronavirus-closure/
University of West Alabama,Public,AL,"expects to have in-person fall classes",Planning for in-person,https://www.uwa.edu/news/Fall2020CampusReturn
University of Wisconsin at Green Bay,Public,WI,"plans to open campus in July",Planning for in-person,”https://fox11online.com/news/coronavirus/uwgb-announces-additional-furloughs-campus-to-reopen-in-july”
University of Wisconsin at Madison,Public,WI,"considering a range of scenarios, including hybrid and online options",Considering a range of scenarios,https://uwm.edu/coronavirus/updates/chancellors-update-creating-uwms-future/
University of Wisconsin at Milwaukee,Public,WI,"considering a range of scenarios, including hybrid and online options",Considering a range of scenarios,https://uwm.edu/coronavirus/updates/chancellors-update-creating-uwms-future/
Utah System of Higher Education,Public,UT,"intends to resume in-person classes in the fall",Planning for in-person,https://www.deseret.com/utah/2020/4/24/21234793/covid-19-reopen-public-colleges-universities-fall
Vassar College,Private,NY,"waiting to decide, with an update on July 3",Waiting to decide,https://www.vassar.edu/coronavirus-updates/
Vanderbilt University,Private,TN,"planning for in-person with remote options",Proposing a hybrid model,https://www.vanderbilt.edu/coronavirus/2020/05/12/may-12-2020-planning-for-the-fall-semester/
Vermont Technical College,Public,VT,"planning for in-person",Planning for in-person,https://www.vtc.edu/news/update-covid-19-coronavirus
Virginia Commonwealth University,Public,VA,"We have every intention of opening our fall semester in-person as long as it is safe to do so.",Planning for in-person,https://www.virginiabusiness.com/article/fall-semester-on-the-minds-of-virginias-colleges-and-universities/"
Virginia Tech,Public,VA,"plans to announce in early June",Waiting to decide,https://vtnews.vt.edu/articles/2020/04/president-townhall-wrap-042320.html
Virginia Wesleyan University,Private,VA,"planning for students to return on August 26",Planning for in-person,https://www.vwu.edu/about/news-and-events/features/story/president-miller-announces-plans-to-reopen-in-person-august-26
Wake Forest University,Private,NC,"We plan to conduct fall semester classes on campus.",Planning for in-person,https://coronavirus.wfu.edu/frequently-asked-questions-faqs/
Washington College,Private,MD,"intends to return to in-person classes on August 31",Planning for in-person,https://www.washcoll.edu/coronavirus/
Washington State University,Public,WA,"planning for in-person classes",Planning for in-person,https://twitter.com/WSU_Cougar_Pres/status/1253405998267502592
Wayne State University,Public,MI,"leaning toward starting fall classes online",Planning for online,https://www.detroitnews.com/story/news/local/michigan/2020/04/23/um-hopes-students-campus-fall-wayne-state-michigan-state-lean-online/3013230001/
Waynesburg University,Private,PA,"planning for in-person classes",Planning for in-person,https://www.heraldstandard.com/news/covid-19/cal-u-waynesburg-university-planning-for-in-person-fall-semesters/article_fa5bc326-9147-11ea-a1eb-1fdcec4ffea7.html
Wellesley College,Private,MA,"will announce fall plans by July 1",Waiting to decide,https://blogs.wellesley.edu/announcements/2020/05/04/fall-planning-update/
West Chester University,Public,PA,"expects a final decision by July 1",Waiting to decide,https://www.wcupa.edu/healthNotices/fall2020.aspx
West Liberty University,Public,WV,"plans to start fall semester in-person",Planning for in-person,https://westliberty.edu/news/news/alumni/wlu-announces-plans-for-fall-semester/
West Virginia University,Public,WV,"exploring a range of scenarios, from in-person to entirely online",Considering a range of scenarios,https://wvutoday.wvu.edu/stories/2020/04/23/gee-mountaineer-values-continue-to-guide-us-in-covid-19-response
Western Colorado University,Public,CO,"planning for in-person",Planning for in-person,https://www.western.edu/resources-and-updates-related-covid-19-coronavirus
Western Nevada College,Public,NV,"The goal is to resume in-person classes for the fall," with options that allow students to attend classes on campus or via video technology.",Considering a range of scenarios,https://www.wnc.edu/covid-19/
Western New England University,Private,MA,"planning for in-person",Planning for in-person,https://www1.wne.edu/news/2020/05/plan-to-resume-classes-fall-2020.cfm
Western Washington University,Public,WA,"planning for in-person",Planning for in-person,https://www.wwu.edu/spring-guide/students
Westminster College,Private,MO,"plans to start fall semester in-person ",Planning for in-person,https://news.westminster-mo.edu/news-releases/westminster-college-confident-that-fall-2020-in-person-classes-will-take-place/
Wheaton College (Mass.),Private,MA,"“We have affirmed our intention to deliver an on-campus fall semester” subject to the guidance of public-health experts.",Planning for in-person,https://wheatoncollege.blog/on-campus-announcements/president/update-on-fall-semester/
Wichita State University,Public,KS,"plans to return to campus with a hybrid model in the fall ",Proposing a hybrid model,https://wichita.edu/about/COVID-19/shockers_united/index.php
Whitworth University,Private,WA,"plans to reopen the campus and resume in-person classes",Planning for in-person,https://www.whitworth.edu/cms/administration/health-and-counseling-services/health-center/coronavirus-information/plans-to-reopen-and-resume-classes-april-28-2020/
Willamette University,Private,OR,"planning for in-person instruction",Planning for in-person,https://willamette.edu/news/library/2020/04/message-to-prospective-students.html
William Jessup University,Private,CA,"planning to open campus in the fall",Planning for in-person,https://jessup.edu/coronavirus-information/forward-together/
William Jewell College,Private,MO,"intends to open for fall semester",Planning for in-person,https://www.jewell.edu/news-events/intention-to-open-fall-semester
Williams College,Private,MA,"plans to announce by July 1",Waiting to decide,https://president.williams.edu/writings-and-remarks/letters-from-the-president/timeline-and-process-for-deciding-about-fall-2020/
Wittenberg University,Private,OH,"planning for in-person",Planning for in-person,https://www.wittenberg.edu/administration/president/message-regarding-fall-return
Wofford College,Private,SC,"hopes to have everyone return in the fall, with a decision to be made by early July",Waiting to decide,https://www.wofford.edu/Wofford.edu/Documents/About/News/student-parent-qa.pdf
Worcester Polytechnic Institute,Private,MA,"waiting to decide",Waiting to decide,https://www.wpi.edu/news/coronavirus/faqs#campus-operations-and-contingency-planning
Worcester State University,Public,MA,"planning a range of scenarios",Considering a range of scenarios,https://www.worcester.edu/Public-Health-Information/
Xavier University,Private,OH,"hoping to return to in-person, but planning a range of scenarios",Considering a range of scenarios,https://www.cincinnati.com/story/news/2020/05/10/xavier-miami-hopeful-students-can-return-campus-fall-semester/3106574001/
Yale University,Private,CT,"decision expected by early July",Waiting to decide,https://yaledailynews.com/blog/2020/04/22/yale-to-announce-fall-plans-by-july/
